<keymap version="1" name="GNOME copy" parent="Default for GNOME">
  <action id="AddToFavoritesPopup" />
  <action id="Compare.SameVersion">
    <keyboard-shortcut first-keystroke="alt d" />
  </action>
  <action id="Compare.Selected">
    <keyboard-shortcut first-keystroke="shift alt f" />
  </action>
  <action id="CompareClipboardWithSelection">
    <keyboard-shortcut first-keystroke="alt x" />
  </action>
  <action id="Console.TableResult.SetNull" />
  <action id="EditorDeleteLine">
    <keyboard-shortcut first-keystroke="ctrl alt less" />
  </action>
  <action id="EditorScrollToCenter" />
  <action id="EditorSelectSingleLineAtCaret">
    <keyboard-shortcut first-keystroke="ctrl less" />
  </action>
  <action id="ExpressionTypeInfo">
    <keyboard-shortcut first-keystroke="shift alt p" />
  </action>
  <action id="FileChooser.TogglePathBar">
    <keyboard-shortcut first-keystroke="ctrl t" />
  </action>
  <action id="Git.Branches">
    <keyboard-shortcut first-keystroke="alt f" />
  </action>
  <action id="Git.CompareWithBranch">
    <keyboard-shortcut first-keystroke="shift alt d" />
  </action>
  <action id="Git.Merge">
    <keyboard-shortcut first-keystroke="ctrl m" />
  </action>
  <action id="Git.Merge.Abort">
    <keyboard-shortcut first-keystroke="shift ctrl alt m" />
  </action>
  <action id="Git.Pull">
    <keyboard-shortcut first-keystroke="ctrl p" />
  </action>
  <action id="Git.ResolveConflicts">
    <keyboard-shortcut first-keystroke="alt r" />
  </action>
  <action id="Git.Stash">
    <keyboard-shortcut first-keystroke="alt s" />
  </action>
  <action id="Git.Unstash">
    <keyboard-shortcut first-keystroke="shift ctrl s" />
  </action>
  <action id="Inline" />
  <action id="ParameterInfo">
    <keyboard-shortcut first-keystroke="ctrl t" />
  </action>
  <action id="ShowNpmScripts">
    <keyboard-shortcut first-keystroke="ctrl alt n" />
    <keyboard-shortcut first-keystroke="alt n" />
  </action>
  <action id="Vcs.QuickListPopupAction">
    <keyboard-shortcut first-keystroke="ctrl alt g" />
  </action>
  <action id="Vcs.Show.Log">
    <keyboard-shortcut first-keystroke="alt l" />
  </action>
  <action id="Vcs.ShowHistoryForBlock">
    <keyboard-shortcut first-keystroke="shift alt h" />
  </action>
  <action id="Vcs.ShowMessageHistory" />
  <action id="Vcs.ShowTabbedFileHistory">
    <keyboard-shortcut first-keystroke="alt h" />
  </action>
  <action id="Vcs.UpdateProject">
    <keyboard-shortcut first-keystroke="shift ctrl p" />
  </action>
  <action id="hg4idea.QFold" />
  <action id="hg4idea.QPushAction" />
  <action id="org.intellij.plugins.markdown.ui.actions.styling.ToggleStrikethroughAction" />
</keymap>